{"cameraMode":{"drawMode":0,"name":"Shaded","section":"Shading Mode"},"sceneLighting":false,"audioPlay":false,"sceneViewState":{"showFog":true,"showMaterialUpdate":false,"showSkybox":false,"showFlares":true,"showImageEffects":true,"showParticleSystems":true},"in2DMode":false,"pivot":{"x":-0.05000000447034836,"y":0.0,"z":-0.00019934773445129395},"rotation":{"x":0.08335079252719879,"y":0.3911021947860718,"z":0.03521673381328583,"w":-0.9160721898078919},"size":1.0792737007141114,"orthographic":false}