{"cameraMode":{"drawMode":0,"name":"Shaded","section":"Shading Mode"},"sceneLighting":true,"audioPlay":false,"sceneViewState":{"showFog":true,"showMaterialUpdate":false,"showSkybox":true,"showFlares":true,"showImageEffects":true,"showParticleSystems":true},"in2DMode":false,"pivot":{"x":847.7742919921875,"y":167.611328125,"z":-71.4097900390625},"rotation":{"x":0.035647984594106677,"y":-0.04612698405981064,"z":0.0020690783858299257,"w":0.9984725117683411},"size":486.09625244140627,"orthographic":false}